timestamp_sec,state,marker_found,marker_id,horizontal_error,distance_m,front_obstacle_m,linear_x,angular_z,stop_reason
1286.800,STOP,False,,,,,0.000000,0.000000,image_timeout
1286.800,STOP,False,,,,,0.000000,0.000000,image_timeout
1286.900,STOP,False,,,,,0.000000,0.000000,image_timeout
1287.000,STOP,False,,,,,0.000000,0.000000,image_timeout
1287.100,STOP,False,,,,,0.000000,0.000000,image_timeout
1287.200,STOP,False,,,,,0.000000,0.000000,image_timeout
1287.300,STOP,False,,,,,0.000000,0.000000,image_timeout
1287.400,STOP,False,,,,,0.000000,0.000000,image_timeout
1287.500,STOP,False,,,,,0.000000,0.000000,image_timeout
1287.600,TRACK,True,0,-0.409375,1.446489,,0.000000,0.573125,none
1287.700,TRACK,True,0,-0.373437,1.446728,,0.000000,0.522812,none
1287.800,TRACK,True,0,-0.267188,1.474573,,0.000000,0.374063,none
1287.900,TRACK,True,0,-0.182812,1.484420,,0.000000,0.255937,none
1288.000,TRACK,True,0,-0.133594,1.475012,,0.000000,0.187031,none
1288.100,TRACK,True,0,-0.107031,1.488919,,0.160000,0.149844,none
1288.200,TRACK,True,0,-0.058594,1.488984,,0.160000,0.082031,none
1288.300,TRACK,True,0,-0.028125,1.461123,,0.160000,0.039375,none
1288.400,TRACK,True,0,-0.013281,1.471466,,0.160000,0.018594,none
1288.500,TRACK,True,0,-0.006250,1.458714,,0.160000,0.008750,none
1288.600,TRACK,True,0,-0.005469,1.444970,,0.160000,0.007656,none
1288.700,TRACK,True,0,-0.003125,1.397842,,0.160000,0.004375,none
1288.800,TRACK,True,0,-0.002344,1.385757,,0.160000,0.003281,none
1288.900,TRACK,True,0,-0.002344,1.380178,,0.160000,0.003281,none
1289.000,TRACK,True,0,-0.001563,1.361161,,0.160000,0.002187,none
1289.100,TRACK,True,0,-0.000781,1.339285,,0.160000,0.001094,none
1289.200,TRACK,True,0,0.000000,1.325590,,0.160000,-0.000000,none
1289.300,TRACK,True,0,-0.000781,1.305402,,0.160000,0.001094,none
1289.400,TRACK,True,0,0.000000,1.295007,,0.160000,-0.000000,none
1289.500,TRACK,True,0,0.000000,1.283039,,0.160000,-0.000000,none
1289.600,TRACK,True,0,-0.000781,1.255222,,0.160000,0.001094,none
1289.700,TRACK,True,0,0.000000,1.235495,,0.160000,-0.000000,none
1289.800,TRACK,True,0,0.000781,1.243102,,0.160000,-0.001094,none
1289.900,TRACK,True,0,0.000000,1.216213,,0.160000,-0.000000,none
1290.000,TRACK,True,0,0.000781,1.180972,,0.160000,-0.001094,none
1290.100,TRACK,True,0,0.000000,1.170274,,0.160000,-0.000000,none
1290.200,TRACK,True,0,0.000781,1.152001,,0.160000,-0.001094,none
1290.300,TRACK,True,0,0.000000,1.141717,,0.160000,-0.000000,none
1290.400,TRACK,True,0,0.000781,1.119759,,0.160000,-0.001094,none
1290.500,TRACK,True,0,0.000000,1.119352,,0.160000,-0.000000,none
1290.600,TRACK,True,0,-0.001563,1.094821,,0.160000,0.002187,none
1290.700,TRACK,True,0,0.000000,1.075863,,0.160000,-0.000000,none
1290.800,TRACK,True,0,0.001563,1.074284,,0.160000,-0.002187,none
1290.900,TRACK,True,0,0.000000,1.047626,,0.160000,-0.000000,none
1291.000,TRACK,False,,,,,0.160000,0.001094,none
1291.100,TRACK,True,0,0.000000,1.013344,,0.160000,-0.000000,none
1291.200,TRACK,True,0,0.000781,0.996862,,0.160000,-0.001094,none
1291.300,TRACK,True,0,0.001563,0.978648,,0.160000,-0.002187,none
1291.400,TRACK,True,0,0.000000,0.971426,,0.160000,-0.000000,none
1291.500,TRACK,True,0,0.000000,0.951620,,0.160000,-0.000000,none
1291.600,TRACK,False,,,,,0.160000,-0.001094,none
1291.700,TRACK,True,0,0.000000,0.916378,,0.160000,-0.000000,none
1291.800,TRACK,True,0,0.000000,0.899557,,0.160000,-0.000000,none
1291.900,TRACK,True,0,0.000000,0.879836,,0.160000,-0.000000,none
1292.000,TRACK,True,0,0.000000,0.869000,,0.160000,-0.000000,none
1292.100,TRACK,True,0,0.000000,0.850574,,0.160000,-0.000000,none
1292.200,TRACK,True,0,0.000781,0.833476,,0.160000,-0.001094,none
1292.300,TRACK,True,0,0.000000,0.820497,,0.160000,-0.000000,none
1292.400,TRACK,True,0,0.000781,0.794345,,0.155521,-0.001094,none
1292.500,TRACK,True,0,0.000000,0.788318,,0.153411,-0.000000,none
1292.600,TRACK,True,0,0.001563,0.767680,,0.146188,-0.002187,none
1292.700,TRACK,True,0,0.000000,0.758590,,0.143006,-0.000000,none
1292.800,TRACK,True,0,0.000000,0.740409,,0.136643,-0.000000,none
1292.900,TRACK,True,0,0.000000,0.727042,,0.131965,-0.000000,none
1293.000,TRACK,True,0,0.000781,0.711092,,0.126382,-0.001094,none
1293.100,TRACK,False,,,,,0.124373,-0.000000,none
1293.200,TRACK,True,0,0.000000,0.687938,,0.118278,-0.000000,none
1293.300,TRACK,True,0,0.000781,0.672946,,0.113031,-0.001094,none
1293.400,TRACK,True,0,0.000781,0.664015,,0.109905,-0.001094,none
1293.500,TRACK,True,0,0.000000,0.650587,,0.105206,-0.000000,none
1293.600,TRACK,False,,,,,0.103424,-0.000000,none
1293.700,TRACK,True,0,0.000781,0.627910,,0.097269,-0.001094,none
1293.800,TRACK,True,0,0.000781,0.618777,,0.094072,-0.001094,none
1293.900,TRACK,True,0,0.001563,0.609600,,0.090860,-0.002187,none
1294.000,TRACK,True,0,0.000000,0.598659,,0.087031,-0.000000,none
1294.100,TRACK,True,0,0.000781,0.593977,,0.085392,-0.001094,none
1294.200,TRACK,False,,,,,0.082383,-0.001094,none
1294.300,TRACK,False,,,,,0.079282,-0.000000,none
1294.400,TRACK,False,,,,,0.076960,-0.000000,none
1294.500,TRACK,True,0,0.000781,0.556281,,0.072199,-0.001094,none
1294.600,TRACK,True,0,0.000000,0.552095,,0.070733,-0.000000,none
1294.700,TRACK,True,0,0.000000,0.545458,,0.068410,-0.000000,none
1294.800,TRACK,True,0,0.000781,0.534375,,0.064531,-0.001094,none
1294.900,TRACK,True,0,0.000781,0.527430,,0.062100,-0.001094,none
1295.000,TRACK,True,0,0.000000,0.524223,,0.060978,-0.000000,none
1295.100,TRACK,True,0,0.000000,0.517540,,0.058639,-0.000000,none
1295.200,TRACK,False,,,,,0.057266,-0.002187,none
1295.300,TRACK,True,0,0.000000,0.505137,,0.054298,-0.000000,none
1295.400,TRACK,True,0,0.000781,0.497629,,0.051670,-0.001094,none
1295.500,TRACK,False,,,,,0.051670,-0.001094,none
1295.600,TRACK,True,0,0.000781,0.488039,,0.048314,-0.001094,none
1295.700,TRACK,True,0,0.000000,0.484811,,0.047184,-0.000000,none
1295.800,TRACK,True,0,0.000000,0.479516,,0.045331,-0.000000,none
1295.900,TRACK,True,0,0.000781,0.476579,,0.044303,-0.001094,none
1296.000,TRACK,True,0,0.000781,0.468919,,0.041622,-0.001094,none
1296.100,TRACK,True,0,0.000000,0.466472,,0.040765,-0.000000,none
1296.200,TRACK,True,0,0.000000,0.461197,,0.038919,-0.000000,none
1296.300,TRACK,True,0,0.000000,0.457479,,0.037618,-0.000000,none
1296.400,TRACK,True,0,0.000000,0.454094,,0.036433,-0.000000,none
1296.500,TRACK,True,0,0.000781,0.448401,,0.034440,-0.001094,none
1296.600,TRACK,True,0,0.000000,0.446052,,0.033618,-0.000000,none
1296.700,TRACK,True,0,-0.001563,0.442523,,0.032383,0.002187,none
1296.800,TRACK,False,,,,,0.031876,-0.001094,none
1296.900,TRACK,True,0,0.000781,0.436367,,0.030229,-0.001094,none
1297.000,TRACK,True,0,0.001563,0.433188,,0.029116,-0.002187,none
1297.100,TRACK,True,0,0.000000,0.430536,,0.028188,-0.000000,none
1297.200,TRACK,False,,,,,0.027785,-0.001094,none
1297.300,TRACK,False,,,,,0.026619,-0.000000,none
1297.400,TRACK,True,0,0.000000,0.421947,,0.025181,-0.000000,none
1297.500,TRACK,True,0,0.000000,0.419152,,0.024203,-0.000000,none
1297.600,TRACK,True,0,0.000781,0.417231,,0.023531,-0.001094,none
1297.700,TRACK,True,0,0.000781,0.414477,,0.022567,-0.001094,none
1297.800,TRACK,True,0,0.000000,0.412208,,0.021773,-0.000000,none
1297.900,TRACK,True,0,0.000000,0.409417,,0.020796,-0.000000,none
1298.000,TRACK,True,0,0.000781,0.407130,,0.019995,-0.001094,none
1298.100,TRACK,True,0,0.000781,0.405982,,0.019594,-0.001094,none
1298.200,TRACK,True,0,0.000000,0.404047,,0.018916,-0.000000,none
1298.300,TRACK,True,0,0.000000,0.402175,,0.018261,-0.000000,none
1298.400,TRACK,True,0,0.000781,0.399738,,0.017408,-0.001094,none
1298.500,TRACK,True,0,0.000000,0.398768,,0.017069,-0.000000,none
1298.600,TRACK,False,,,,,0.016522,-0.001094,none
1298.700,TRACK,True,0,0.000000,0.394853,,0.015698,-0.000000,none
1298.800,TRACK,True,0,0.000781,0.393372,,0.015180,-0.001094,none
1298.900,TRACK,True,0,0.000000,0.391547,,0.014541,-0.000000,none
1299.000,TRACK,False,,,,,0.013920,-0.000000,none
1299.100,TRACK,True,0,0.000781,0.388621,,0.013517,-0.001094,none
1299.200,TRACK,True,0,0.000000,0.387637,,0.013173,-0.000000,none
1299.300,TRACK,True,0,-0.000781,0.386761,,0.012866,0.001094,none
1299.400,TRACK,True,0,0.000000,0.384178,,0.011962,-0.000000,none
1299.500,TRACK,False,,,,,0.011904,-0.000000,none
1299.600,TRACK,True,0,0.000781,0.382511,,0.011379,-0.001094,none
1299.700,TRACK,True,0,0.000000,0.381557,,0.011045,-0.000000,none
1299.800,TRACK,False,,,,,0.010714,-0.000000,none
1299.900,STOP,True,0,0.000000,0.378470,,0.000000,0.000000,reached
1300.000,STOP,True,0,0.001563,0.374262,,0.000000,0.000000,reached
1300.100,STOP,True,0,0.011719,0.363167,,0.000000,0.000000,reached
1300.200,STOP,True,0,0.014063,0.363839,,0.000000,0.000000,reached
